Workbook

Sheet Histogram
P1: Gillian Brabers
P2: 45978

Sheet Dashboard
A1: Monthly Income | B1: Salespeople with Attrition | C1: Salespeople with Non Attrition | E1: Gillian Brabers November 17, 2025
A2: 1000 | B2: =IFERROR(VLOOKUP($A2,'Attrition Data'!$A$2:$B$16,2,FALSE),0) -> 4 | C2: =IFERROR(VLOOKUP($A2,'Non Attrition Data'!$A$2:$B$21,2,FALSE),0) -> 2
A3: 2000 | B3: =IFERROR(VLOOKUP($A3,'Attrition Data'!$A$2:$B$16,2,FALSE),0) -> 15 | C3: =IFERROR(VLOOKUP($A3,'Non Attrition Data'!$A$2:$B$21,2,FALSE),0) -> 18
A4: 3000 | B4: =IFERROR(VLOOKUP($A4,'Attrition Data'!$A$2:$B$16,2,FALSE),0) -> 13 | C4: =IFERROR(VLOOKUP($A4,'Non Attrition Data'!$A$2:$B$21,2,FALSE),0) -> 24
A5: 4000 | B5: =IFERROR(VLOOKUP($A5,'Attrition Data'!$A$2:$B$16,2,FALSE),0) -> 3 | C5: =IFERROR(VLOOKUP($A5,'Non Attrition Data'!$A$2:$B$21,2,FALSE),0) -> 36
A6: 5000 | B6: =IFERROR(VLOOKUP($A6,'Attrition Data'!$A$2:$B$16,2,FALSE),0) -> 15 | C6: =IFERROR(VLOOKUP($A6,'Non Attrition Data'!$A$2:$B$21,2,FALSE),0) -> 77
A7: 6000 | B7: =IFERROR(VLOOKUP($A7,'Attrition Data'!$A$2:$B$16,2,FALSE),0) -> 10 | C7: =IFERROR(VLOOKUP($A7,'Non Attrition Data'!$A$2:$B$21,2,FALSE),0) -> 39
A8: 7000 | B8: =IFERROR(VLOOKUP($A8,'Attrition Data'!$A$2:$B$16,2,FALSE),0) -> 6 | C8: =IFERROR(VLOOKUP($A8,'Non Attrition Data'!$A$2:$B$21,2,FALSE),0) -> 35
A9: 8000 | B9: =IFERROR(VLOOKUP($A9,'Attrition Data'!$A$2:$B$16,2,FALSE),0) -> 5 | C9: =IFERROR(VLOOKUP($A9,'Non Attrition Data'!$A$2:$B$21,2,FALSE),0) -> 25
A10: 9000 | B10: =IFERROR(VLOOKUP($A10,'Attrition Data'!$A$2:$B$16,2,FALSE),0) -> 3 | C10: =IFERROR(VLOOKUP($A10,'Non Attrition Data'!$A$2:$B$21,2,FALSE),0) -> 20
A11: 10000 | B11: =IFERROR(VLOOKUP($A11,'Attrition Data'!$A$2:$B$16,2,FALSE),0) -> 10 | C11: =IFERROR(VLOOKUP($A11,'Non Attrition Data'!$A$2:$B$21,2,FALSE),0) -> 24
A12: 11000 | B12: =IFERROR(VLOOKUP($A12,'Attrition Data'!$A$2:$B$16,2,FALSE),0) -> 2 | C12: =IFERROR(VLOOKUP($A12,'Non Attrition Data'!$A$2:$B$21,2,FALSE),0) -> 9
A13: 12000 | B13: =IFERROR(VLOOKUP($A13,'Attrition Data'!$A$2:$B$16,2,FALSE),0) -> 0 | C13: =IFERROR(VLOOKUP($A13,'Non Attrition Data'!$A$2:$B$21,2,FALSE),0) -> 4
... A21: 20000 | B21: =IFERROR(VLOOKUP($A21,'Attrition Data'!$A$2:$B$16,2,FALSE),0) -> 1 | C21: =IFERROR(VLOOKUP($A21,'Non Attrition Data'!$A$2:$B$21,2,FALSE),0) -> 4
A22: Total | B22: =SUM(B2:B21) -> 92 | C22: =SUM(C2:C21) -> 354

Sheet Pie Chart
I1: Gillian Brabers
I2: 45978

Sheet Dashboard Data
A1: Attrition | B1: =SUM('Attrition Data'!B2:B16) -> 92
A2: Non Attrition | B2: =SUM('Non Attrition Data'!B2:B21) -> 354

Sheet Non Attrition Data
A1: monthlyincome | B1: count
A2: 1000 | B2: 2
A3: 2000 | B3: 18
A4: 3000 | B4: 24
A5: 4000 | B5: 36
A6: 5000 | B6: 77
A7: 6000 | B7: 39
A8: 7000 | B8: 35
A9: 8000 | B9: 25
A10: 9000 | B10: 20
A11: 10000 | B11: 24
A12: 11000 | B12: 9
A13: 12000 | B13: 4
... A21: 20000 | B21: 4

Sheet Attrition Data
A1: monthlyincome | B1: count
A2: 1000 | B2: 4
A3: 2000 | B3: 15
A4: 3000 | B4: 13
A5: 4000 | B5: 3
A6: 5000 | B6: 15
A7: 6000 | B7: 10
A8: 7000 | B8: 6
A9: 8000 | B9: 5
A10: 9000 | B10: 3
A11: 10000 | B11: 10
A12: 11000 | B12: 2
A13: 13000 | B13: 2
... A16: 20000 | B16: 1
